Pregunta,A,B,C,D,Correcta,Materia,Tema
"Un automóvil viaja en línea recta con velocidad constante de 72 km/h. ¿Qué distancia recorre en 15 minutos?", "1.8 km", "18 km", "5 km", "72 km", B, Física, Cinemática
"¿Cuál de las siguientes es una cantidad vectorial?", "Temperatura", "Tiempo", "Masa", "Aceleración", D, Física, Cinemática
"Un objeto en caída libre desde el reposo tarda 4 segundos en llegar al suelo. ¿Desde qué altura cayó? (g=9.8 m/s²)", "39.2 m", "78.4 m", "19.6 m", "156.8 m", B, Física, Cinemática
"Se lanza un proyectil horizontalmente desde una altura de 45 m con una velocidad de 20 m/s. ¿Cuál es su alcance horizontal? (g=10 m/s²)", "30 m", "60 m", "90 m", "45 m", B, Física, Cinemática
"¿Cuál de los siguientes gráficos representa un movimiento rectilíneo uniforme (velocidad constante)?", "Gráfico posición-tiempo con pendiente creciente.", "Gráfico velocidad-tiempo con pendiente constante.", "Gráfico posición-tiempo con pendiente constante.", "Gráfico velocidad-tiempo con pendiente cero.", D, Física, Cinemática
"Si la velocidad de un móvil se triplica, su energía cinética se:", "Triplica.", "Sextuplica.", "Nonaplica.", "No cambia.", C, Física, Trabajo y leyes de la conservación
"De acuerdo con la Primera Ley de Newton (Ley de Inercia), un cuerpo:", "Permanece en reposo o en movimiento rectilíneo uniforme a menos que una fuerza neta actúe sobre él.", "Se acelera proporcionalmente a la fuerza neta aplicada.", "Ejerce una fuerza de reacción igual y opuesta a la fuerza aplicada.", "Se mueve siempre en la dirección de la fuerza neta.", A, Física, Fuerzas| leyes de Newton y Ley de la Gravitación Universal
"La fuerza de atracción gravitacional entre dos masas es inversamente proporcional a:", "El cuadrado de la distancia que las separa.", "La distancia que las separa.", "El cubo de la distancia que las separa.", "La raíz cuadrada de la distancia que las separa.", A, Física, Fuerzas| leyes de Newton y Ley de la Gravitación Universal
"Sobre un cuerpo de 5 kg actúa una fuerza neta constante de 10 N. ¿Cuál es su aceleración?", "0.5 m/s²", "2 m/s²", "5 m/s²", "50 m/s²", B, Física, Fuerzas| leyes de Newton y Ley de la Gravitación Universal
"Para convertir un valor de temperatura Celsius (T_C) a su valor equivalente en la escala Kelvin (T_K), se emplea la expresión:", "T_K = (T_C - 32) / 1.8", "T_K = T_C + 273", "T_K = T_C - 273", "T_K = 1.8 (T_C + 273)", B, Física, Termodinámica
"El principio de Arquímedes se refiere a...", "La ganancia de fuerza en un sistema hidráulico.", "El aumento de velocidad de un fluido en una tubería angosta.", "La fuerza de empuje que recibe un objeto sumergido en un fluido.", "La distribución uniforme de la presión en un fluido.", C, Física, Fluidos
"El fenómeno que puso de manifiesto el carácter dual onda-partícula de la luz fue:", "El efecto fotoeléctrico.", "La producción de rayos X.", "El descubrimiento de los rayos catódicos.", "La radioactividad natural.", A, Física, Física contemporánea
"Se dice que dos sistemas están en equilibrio térmico cuando:", "Sus temperaturas son iguales.", "Su presión y masa no varían.", "No intercambian energía mediante trabajo.", "Sus volúmenes permanecen constantes.", A, Física, Termodinámica
"Un bloque de 10 kg se levanta verticalmente a una altura de 5 m con velocidad constante. ¿Cuál es el trabajo realizado por la fuerza de gravedad? (g=10 m/s²)", "500 J", "-500 J", "0 J", "50 J", B, Física, Trabajo y leyes de la conservación
"La energía potencial elástica almacenada en un resorte es directamente proporcional a:", "El cuadrado del alargamiento o compresión.", "La raíz cuadrada del alargamiento.", "El alargamiento o compresión.", "La constante del resorte.", A, Física, Trabajo y leyes de la conservación
"Un 'pascal' (Pa) es una unidad de:", "Presión.", "Fuerza.", "Energía.", "Densidad.", A, Física, Fluidos
"Cuando un rayo de luz pasa del aire al agua, su velocidad y longitud de onda:", "Disminuyen.", "Aumentan.", "La velocidad disminuye y la longitud de onda aumenta.", "La velocidad aumenta y la longitud de onda disminuye.", A, Física, Óptica
"La ley de conservación de la energía establece que la energía total de un sistema aislado:", "Permanece constante.", "Siempre aumenta.", "Siempre disminuye.", "Depende de la temperatura.", A, Física, Trabajo y leyes de la conservación
"La primera ley de la termodinámica es una forma del principio de:", "Conservación de la energía.", "Conservación de la cantidad de movimiento.", "Equilibrio térmico.", "Incremento de la entropía.", A, Física, Termodinámica
"La corriente eléctrica convencional se define como el flujo de:", "Cargas positivas.", "Electrones.", "Neutrones.", "Protones.", A, Física, Electromagnetismo
"La longitud de onda de una onda es inversamente proporcional a su:", "Frecuencia.", "Período.", "Amplitud.", "Velocidad de propagación.", A, Física, Ondas
"En un circuito en serie, la corriente eléctrica que pasa por cada resistencia es:", "La misma.", "Proporcional al valor de cada resistencia.", "Inversamente proporcional al valor de cada resistencia.", "Diferente y depende del voltaje.", A, Física, Electromagnetismo
"Un objeto ubicado entre el foco y el vértice de un espejo cóncavo produce una imagen que es:", "Virtual, derecha y de mayor tamaño.", "Real, invertida y de menor tamaño.", "Real, invertida y de mayor tamaño.", "Virtual, derecha y de menor tamaño.", A, Física, Óptica
"Si la masa de un planeta se duplica y su radio se mantiene igual, la aceleración de la gravedad en su superficie:", "Se duplica.", "Se cuadruplica.", "Se reduce a la mitad.", "Permanece igual.", A, Física, Fuerzas| leyes de Newton y Ley de la Gravitación Universal
"La fuerza centrípeta necesaria para mantener un objeto en movimiento circular es:", "Perpendicular a la velocidad tangencial.", "Paralela a la velocidad tangencial.", "Opuesta a la velocidad tangencial.", "Cero.", A, Física, Cinemática
"En un tubo en U con agua, si se agrega aceite por un lado, la columna de aceite será más alta que la de agua porque el aceite tiene:", "Menor densidad.", "Mayor densidad.", "Mayor viscosidad.", "Menor viscosidad.", A, Física, Fluidos
"El sonido es una onda:", "Mecánica y longitudinal.", "Electromagnética y transversal.", "Mecánica y transversal.", "Electromagnética y longitudinal.", A, Física, Ondas
"Un imán tiene dos polos. Si se parte por la mitad, se obtiene:", "Dos imanes, cada uno con dos polos.", "Un imán con un solo polo norte y otro con un solo polo sur.", "Dos piezas no magnéticas.", "Un imán con polos más débiles.", A, Física, Electromagnetismo
"La capacidad calorífica específica de una sustancia es:", "La cantidad de calor necesaria para elevar 1°C la temperatura de 1 kg de la sustancia.", "La temperatura a la que una sustancia se funde.", "La cantidad de calor que libera una sustancia al quemarse.", "La resistencia de una sustancia a cambiar de estado.", A, Física, Termodinámica
"En la ecuación de la relatividad E=mc², la 'c' representa:", "La velocidad de la luz en el vacío.", "La capacidad calorífica.", "Una constante cualquiera.", "La carga del electrón.", A, Física, Física contemporánea
"Un objeto flota parcialmente sumergido en un fluido. El peso del fluido desalojado es:", "Igual al peso del objeto.", "Mayor que el peso del objeto.", "Menor que el peso del objeto.", "Igual al volumen del objeto.", A, Física, Fluidos
"Un transformador eléctrico funciona basado en el principio de:", "Inducción electromagnética.", "Calentamiento por resistencia.", "Generación fotoeléctrica.", "Conducción de cargas.", A, Física, Electromagnetismo
"El punto de ebullición del agua a nivel del mar es 100°C. En la cima de una montaña, este punto será:", "Menor que 100°C.", "Mayor que 100°C.", "Igual a 100°C.", "Depende del material del recipiente.", A, Física, Termodinámica
"El período de un péndulo simple es directamente proporcional a:", "La raíz cuadrada de su longitud.", "El cuadrado de su longitud.", "Su longitud.", "La raíz cuadrada de la aceleración gravitacional.", A, Física, Ondas
"Una máquina térmica tiene una eficiencia del 25%. Esto significa que por cada 100 J de calor absorbido, realiza:", "25 J de trabajo útil.", "75 J de trabajo útil.", "100 J de trabajo útil.", "125 J de trabajo útil.", A, Física, Termodinámica
"Cuando una onda pasa de un medio a otro donde viaja más rápido, su frecuencia:", "Permanece igual.", "Aumenta.", "Disminuye.", "Se vuelve cero.", A, Física, Ondas
"Un resistor de 10 Ω y otro de 20 Ω se conectan en paralelo a una batería. La resistencia equivalente es:", "Menor que 10 Ω.", "Igual a 10 Ω.", "Entre 10 Ω y 20 Ω.", "Mayor que 20 Ω.", A, Física, Electromagnetismo
"La ley de Hooke para un resorte establece que la fuerza es proporcional a:", "El alargamiento o compresión.", "El cuadrado del alargamiento.", "La masa del resorte.", "La constante dieléctrica.", A, Física, Trabajo y leyes de la conservación
"Una lente convergente puede producir una imagen real, invertida y de mayor tamaño si el objeto se coloca:", "Entre el foco y el doble de la distancia focal.", "Más allá del doble de la distancia focal.", "En el foco.", "Entre el foco y la lente.", A, Física, Óptica
"La fuerza de fricción cinética entre dos superficies generalmente es:", "Independiente del área de contacto.", "Proporcional al área de contacto.", "Proporcional a la velocidad.", "Cero si hay movimiento.", A, Física, Fuerzas| leyes de Newton y Ley de la Gravitación Universal
"La unidad de medida de la intensidad de corriente eléctrica en el Sistema Internacional es:", "El ampere (A).", "El volt (V).", "El ohm (Ω).", "El coulomb (C).", A, Física, Electromagnetismo
"¿Cuál de los siguientes fenómenos es una consecuencia de la difracción de la luz?", "La formación de bordes difusos en una sombra.", "La separación de la luz blanca en colores por un prisma.", "El aumento del tamaño aparente por una lupa.", "La formación de imágenes en un espejo.", A, Física, Óptica
"Según el principio de incertidumbre de Heisenberg:", "Es imposible conocer simultáneamente con precisión la posición y el momento de una partícula.", "La energía no se puede crear ni destruir.", "La luz se comporta como onda y partícula.", "Toda medición altera el sistema observado.", A, Física, Física contemporánea
"Un objeto con una masa de 2 kg tiene un peso de aproximadamente 19.6 N en la Tierra. En la Luna, donde la gravedad es 1/6 de la terrestre, su masa y peso serían respectivamente:", "2 kg y 3.27 N.", "2 kg y 19.6 N.", "0.33 kg y 3.27 N.", "0.33 kg y 19.6 N.", A, Física, Fuerzas| leyes de Newton y Ley de la Gravitación Universal
"En un fluido en movimiento, si la velocidad del fluido aumenta, la presión interna:", "Disminuye.", "Aumenta.", "Permanece constante.", "Se vuelve negativa.", A, Física, Fluidos
"La ley de inducción de Faraday establece que la fuerza electromotriz inducida en un circuito es proporcional a:", "La tasa de cambio del flujo magnético.", "La intensidad del campo magnético.", "La resistencia del circuito.", "El área del circuito.", A, Física, Electromagnetismo
"Un proceso adiabático es aquel en el que no hay intercambio de:", "Calor con el entorno.", "Trabajo con el entorno.", "Masa con el entorno.", "Energía con el entorno.", A, Física, Termodinámica
"La energía interna de un gas ideal depende principalmente de su:", "Temperatura.", "Presión.", "Volumen.", "Densidad.", A, Física, Termodinámica
"Un cuerpo se mueve con una energía cinética de 100 J. Si su velocidad se duplica, su nueva energía cinética será:", "400 J.", "200 J.", "141 J.", "50 J.", A, Física, Trabajo y leyes de la conservación
"El momento de inercia de un cuerpo rígido depende de:", "La distribución de su masa respecto al eje de rotación.", "Su velocidad angular.", "La fuerza aplicada.", "Su energía cinética.", A, Física, Trabajo y leyes de la conservación
"Un capacitor almacena energía en forma de:", "Campo eléctrico.", "Campo magnético.", "Corriente eléctrica.", "Resistencia.", A, Física, Electromagnetismo
"En una reacción nuclear de fusión:", "Núcleos ligeros se combinan para formar uno más pesado.", "Un núcleo pesado se divide en núcleos más ligeros.", "Se emiten partículas alfa.", "Se liberan electrones.", A, Física, Física contemporánea
"La magnitud del campo gravitacional generado por una masa puntual es inversamente proporcional al:", "Cuadrado de la distancia.", "Cubo de la distancia.", "Distancia.", "Volumen.", A, Física, Fuerzas| leyes de Newton y Ley de la Gravitación Universal
"Una onda estacionaria en una cuerda fija en ambos extremos tiene nodos. La distancia entre dos nodos consecutivos es igual a:", "Media longitud de onda.", "Una longitud de onda.", "Dos longitudes de onda.", "Un cuarto de longitud de onda.", A, Física, Ondas
"El efecto Doppler se observa cuando hay movimiento relativo entre:", "La fuente de una onda y un observador.", "Dos fuentes de ondas.", "Dos observadores.", "La onda y el medio.", A, Física, Ondas
"En un proceso isotérmico de un gas ideal, la temperatura:", "Permanece constante.", "Aumenta.", "Disminuye.", "Es cero.", A, Física, Termodinámica
"Un cuerpo de 5 kg cae libremente desde una altura. Despreciando la fricción del aire, su energía mecánica total durante la caída:", "Permanece constante.", "Aumenta.", "Disminuye.", "Es cero.", A, Física, Trabajo y leyes de la conservación
"El campo eléctrico es una cantidad vectorial que representa:", "La fuerza por unidad de carga.", "La energía por unidad de carga.", "La corriente por unidad de área.", "La carga por unidad de volumen.", A, Física, Electromagnetismo
"La presión hidrostática en un punto dentro de un líquido depende de:", "La profundidad y la densidad del líquido.", "El volumen del recipiente.", "La forma del recipiente.", "La superficie del líquido.", A, Física, Fluidos
"Una lente divergente siempre produce una imagen que es:", "Virtual, derecha y de menor tamaño.", "Real, invertida y de mayor tamaño.", "Real, invertida y de menor tamaño.", "Virtual, invertida y de menor tamaño.", A, Física, Óptica
"La actividad de una muestra radiactiva disminuye a la mitad después de un tiempo igual a:", "Su vida media.", "Su periodo de desintegración.", "El doble de su vida media.", "El triple de su vida media.", A, Física, Física contemporánea
"Un sistema de referencia inercial es aquel en el que se cumple:", "La primera ley de Newton.", "La ley de la gravitación universal.", "El principio de Arquímedes.", "La ley de Ohm.", A, Física, Fuerzas| leyes de Newton y Ley de la Gravitación Universal
"La potencia disipada por un resistor eléctrico es directamente proporcional al:", "Cuadrado de la corriente que lo atraviesa.", "Voltaje aplicado.", "Inverso de la resistencia.", "Tiempo de uso.", A, Física, Electromagnetismo
"La difracción es un fenómeno característico de las ondas que se manifiesta cuando:", "Encuentran un obstáculo o abertura comparable a su longitud de onda.", "Cambian de medio de propagación.", "Se superponen con otras ondas.", "Su frecuencia es muy alta.", A, Física, Ondas
"El principio de funcionamiento de un reactor nuclear de fisión se basa en:", "Una reacción en cadena controlada.", "La fusión de núcleos de hidrógeno.", "La desintegración alfa espontánea.", "El efecto fotoeléctrico.", A, Física, Física contemporánea
"La ley de Coulomb describe la fuerza entre:", "Dos cargas eléctricas puntuales.", "Dos masas gravitacionales.", "Polos magnéticos.", "Corrientes eléctricas.", A, Física, Electromagnetismo
"La eficiencia de una máquina térmica nunca puede ser del 100% debido a:", "La segunda ley de la termodinámica.", "La conservación de la energía.", "La fricción en las partes móviles.", "La degradación de los materiales.", A, Física, Termodinámica
"En una colisión perfectamente inelástica entre dos cuerpos:", "Los cuerpos quedan unidos después del impacto.", "Se conserva la energía cinética total.", "Los cuerpos rebotan sin pérdida de energía.", "El momento lineal no se conserva.", A, Física, Trabajo y leyes de la conservación
"La constante de Planck relaciona la energía de un fotón con su:", "Frecuencia.", "Longitud de onda.", "Velocidad.", "Amplitud.", A, Física, Física contemporánea
"Una partícula con carga eléctrica en movimiento dentro de un campo magnético uniforme experimenta una fuerza:", "Perpendicular a su velocidad y al campo.", "En la dirección del campo.", "En la dirección opuesta al campo.", "En la dirección de su velocidad.", A, Física, Electromagnetismo
"En el modelo atómico de Bohr, los electrones giran en órbitas estacionarias alrededor del núcleo. La energía del electrón en estas órbitas es:", "Cuantizada.", "Continua.", "Constante.", "Aleatoria.", A, Física, Física contemporánea
"La ecuación de continuidad para un fluido incompresible establece que el producto del área de la sección transversal por la velocidad del fluido es:", "Constante a lo largo de un tubo de corriente.", "Proporcional a la presión.", "Inversamente proporcional a la densidad.", "Igual al caudal volumétrico.", A, Física, Fluidos
"La ley de Snell describe la relación entre los ángulos de incidencia y refracción cuando la luz pasa de un medio a otro, y depende de:", "Los índices de refracción de los medios.", "La frecuencia de la luz.", "La amplitud de la onda.", "La polarización de la luz.", A, Física, Óptica
"El principio de superposición para ondas establece que el desplazamiento resultante en un punto es:", "La suma algebraica de los desplazamientos individuales.", "El producto de los desplazamientos individuales.", "El promedio de los desplazamientos individuales.", "El mayor de los desplazamientos individuales.", A, Física, Ondas
"Una máquina simple como la palanca puede multiplicar la fuerza aplicada, pero el trabajo realizado (sin considerar pérdidas por fricción):", "Se conserva.", "Se multiplica.", "Se reduce.", "Es cero.", A, Física, Trabajo y leyes de la conservación
"La ley de Charles para un gas ideal a presión constante establece que el volumen es:", "Directamente proporcional a la temperatura absoluta.", "Inversamente proporcional a la temperatura absoluta.", "Directamente proporcional a la presión.", "Independiente de la temperatura.", A, Física, Termodinámica
"La unidad de flujo magnético en el Sistema Internacional es:", "El weber (Wb).", "El tesla (T).", "El henry (H).", "El farad (F).", A, Física, Electromagnetismo
"La constante dieléctrica de un material es una medida de:", "Cuánto reduce la intensidad del campo eléctrico en su interior.", "Su resistencia al paso de la corriente.", "Su capacidad para almacenar carga.", "Su punto de fusión.", A, Física, Electromagnetismo
"El fenómeno de la polarización de la luz es evidencia de que la luz es una onda:", "Transversal.", "Longitudinal.", "De presión.", "Electromagnética en general.", A, Física, Óptica
"En un movimiento armónico simple, la aceleración es proporcional y opuesta a:", "El desplazamiento desde la posición de equilibrio.", "La velocidad.", "El tiempo.", "La amplitud.", A, Física, Ondas
"Un material superconductor se caracteriza por tener resistencia eléctrica:", "Cero por debajo de una temperatura crítica.", "Muy alta por debajo de una temperatura crítica.", "Negativa.", "Que varía con el campo magnético.", A, Física, Física contemporánea
"La tercera ley de Kepler relaciona el cuadrado del periodo orbital de un planeta con:", "El cubo del semieje mayor de su órbita.", "El cuadrado del radio de su órbita.", "La masa del planeta.", "La masa del Sol.", A, Física, Fuerzas| leyes de Newton y Ley de la Gravitación Universal
"Un cuerpo sumergido en un fluido experimenta un empuje vertical hacia arriba igual al:", "Peso del volumen de fluido desalojado.", "Peso del cuerpo.", "Volumen del fluido desalojado.", "Densidad del fluido multiplicada por la gravedad.", A, Física, Fluidos
"La ley de Lenz establece que la corriente inducida en un circuito tiene un sentido tal que su campo magnético:", "Se opone al cambio en el flujo magnético que la produce.", "Refuerza el campo magnético externo.", "Es perpendicular al campo magnético externo.", "Sigue la dirección del campo externo.", A, Física, Electromagnetismo
"La velocidad de escape desde la superficie de un planeta es la velocidad mínima para que un objeto:", "Pueda escapar de la atracción gravitacional del planeta.", "Entre en órbita alrededor del planeta.", "Llegue al punto más alto de la atmósfera.", "Alcance velocidad constante.", A, Física, Fuerzas| leyes de Newton y Ley de la Gravitación Universal
"La ley de Stefan-Boltzmann establece que la potencia radiada por un cuerpo negro es proporcional a:", "La cuarta potencia de su temperatura absoluta.", "El cuadrado de su temperatura absoluta.", "Su temperatura absoluta.", "La inversa de su temperatura.", A, Física, Termodinámica
"La 'paradoja de los gemelos' está relacionada con las predicciones de:", "La teoría de la relatividad especial.", "La mecánica cuántica.", "La termodinámica clásica.", "La mecánica newtoniana.", A, Física, Física contemporánea
"Un campo magnético variable en el tiempo puede generar un:", "Campo eléctrico inducido.", "Campo gravitacional.", "Campo de presiones.", "Flujo constante de carga.", A, Física, Electromagnetismo
"La frecuencia de resonancia de un sistema oscilatorio es la frecuencia a la cual la amplitud de la oscilación es:", "Máxima.", "Mínima.", "Constante.", "Cero.", A, Física, Ondas
"En un gas ideal, la presión ejercida se debe principalmente a:", "Los choques de las moléculas con las paredes del recipiente.", "Las fuerzas de atracción entre moléculas.", "El volumen de las moléculas.", "La gravedad.", A, Física, Termodinámica
"El principio de Huygens explica cómo cada punto de un frente de onda se comporta como:", "Fuente de nuevas ondas secundarias.", "Un sumidero de energía.", "Un reflector perfecto.", "Un absorbedor de luz.", A, Física, Óptica
"El número atómico de un elemento corresponde al número de:", "Protones en el núcleo.", "Neutrones en el núcleo.", "Electrones en la capa externa.", "Nucleones en total.", A, Física, Física contemporánea
"En un circuito de corriente alterna, un inductor ideal se opone a los cambios en la corriente. Esta oposición se llama:", "Reactancia inductiva.", "Resistencia óhmica.", "Impedancia capacitiva.", "Conductancia.", A, Física, Electromagnetismo
"La formación de un arcoíris se debe principalmente a los fenómenos de:", "Refracción y dispersión de la luz en gotas de agua.", "Reflexión total interna.", "Interferencia de ondas luminosas.", "Difracción de la luz.", A, Física, Óptica
"La unidad de dosis equivalente de radiación ionizante en el SI es el:", "Sievert (Sv).", "Gray (Gy).", "Becquerel (Bq).", "Curie (Ci).", A, Física, Física contemporánea
"La ley de conservación de la cantidad de movimiento lineal se aplica a un sistema si:", "La fuerza externa neta sobre el sistema es cero.", "Las fuerzas internas son conservativas.", "La energía cinética total se conserva.", "No hay colisiones entre sus partes.", A, Física, Trabajo y leyes de la conservación
"Un diodo semiconductor permite el paso de corriente eléctrica principalmente en:", "Un solo sentido.", "Ambos sentidos por igual.", "Sentido inverso al de polarización.", "Condiciones de alta temperatura.", A, Física, Electromagnetismo
"La fórmula de la dilatación lineal de un sólido es ΔL = α L₀ ΔT. El coeficiente α representa:", "El coeficiente de dilatación lineal.", "La conductividad térmica.", "La capacidad calorífica.", "La resistencia eléctrica.", A, Física, Termodinámica
"La ecuación de Bernoulli para un fluido ideal relaciona la presión, la velocidad y la altura, y se basa en el principio de:", "Conservación de la energía.", "Conservación de la masa.", "Conservación de la cantidad de movimiento.", "Equilibrio hidrostático.", A, Física, Fluidos
"En el efecto fotoeléctrico, la energía cinética máxima de los electrones emitidos depende de:", "La frecuencia de la luz incidente.", "La intensidad de la luz incidente.", "El tiempo de exposición a la luz.", "El área de la superficie iluminada.", A, Física, Física contemporánea
"Un espectro de emisión atómico, con líneas brillantes sobre un fondo oscuro, es característico de:", "Gases a baja presión excitados.", "Cuerpos sólidos incandescentes.", "Líquidos fluorescentes.", "Plasmas a alta temperatura.", A, Física, Física contemporánea
"En una expansión libre de un gas ideal en el vacío, la temperatura del gas:", "Permanece constante.", "Aumenta.", "Disminuye.", "Primero aumenta y luego disminuye.", A, Física, Termodinámica
"La resistencia equivalente de dos resistores idénticos conectados en paralelo es:", "La mitad de la resistencia de uno de ellos.", "Igual a la resistencia de uno de ellos.", "El doble de la resistencia de uno de ellos.", "Un cuarto de la resistencia de uno de ellos.", A, Física, Electromagnetismo
"La carga eléctrica total de un sistema aislado:", "Se conserva.", "Aumenta con el tiempo.", "Disminuye con el tiempo.", "Es proporcional a la masa.", A, Física, Electromagnetismo
"El poder de resolución de un instrumento óptico está limitado fundamentalmente por:", "La difracción de la luz.", "La reflexión en las lentes.", "La absorción de la luz.", "La polarización.", A, Física, Óptica
"La entropía de un sistema aislado tiende a:", "Aumentar hasta alcanzar un máximo en el equilibrio.", "Disminuir hasta alcanzar un mínimo.", "Mantenerse constante.", "Oscilar alrededor de un valor medio.", A, Física, Termodinámica
"La longitud de onda umbral en el efecto fotoeléctrico es la longitud de onda máxima para la cual:", "Aún ocurre la emisión de electrones.", "La emisión de electrones se satura.", "Los electrones tienen energía cinética máxima.", "La intensidad de la luz es suficiente.", A, Física, Física contemporánea
"En un choque perfectamente elástico entre dos partículas, se conserva:", "Tanto la energía cinética total como la cantidad de movimiento total.", "Solo la cantidad de movimiento total.", "Solo la energía cinética total.", "La energía potencial.", A, Física, Trabajo y leyes de la conservación
"La constante de gravitación universal G fue determinada experimentalmente por:", "Henry Cavendish.", "Isaac Newton.", "Galileo Galilei.", "Albert Einstein.", A, Física, Fuerzas| leyes de Newton y Ley de la Gravitación Universal
"La formación de imágenes en una cámara fotográfica simple se basa en el principio de la:", "Cámara oscura.", "Reflexión total.", "Interferencia constructiva.", "Dispersión cromática.", A, Física, Óptica
"La ley de enfriamiento de Newton establece que la tasa de pérdida de calor de un cuerpo es proporcional a:", "La diferencia de temperatura entre el cuerpo y su entorno.", "La temperatura absoluta del cuerpo.", "El área superficial del cuerpo.", "La capacidad calorífica del cuerpo.", A, Física, Termodinámica
"El principio de exclusión de Pauli es fundamental para explicar:", "La estructura de capas electrónicas en los átomos.", "La desintegración beta.", "La emisión estimulada en láseres.", "La superconductividad.", A, Física, Física contemporánea
"La fuerza de Lorentz sobre una carga en movimiento incluye contribuciones tanto del campo eléctrico como del campo magnético, y es perpendicular a la velocidad de la carga solo si:", "La carga se mueve perpendicularmente a un campo magnético.", "Existe un campo eléctrico no nulo.", "La carga está en reposo.", "Los campos son paralelos.", A, Física, Electromagnetismo
"En una onda sonora, las regiones de alta presión se llaman:", "Compresiones.", "Rarefacciones.", "Nodos.", "Antinodos.", A, Física, Ondas
"La ley de desintegración radiactiva es un proceso exponencial que depende del:", "Número de núcleos presentes en un instante dado.", "Tiempo total transcurrido desde la formación de la muestra.", "Volumen de la muestra.", "Estado químico del elemento.", A, Física, Física contemporánea
"Un rayo de luz que incide sobre la superficie de separación entre dos medios con un ángulo igual al ángulo crítico produce:", "Reflexión total interna.", "Refracción a 90 grados.", "Absorción completa.", "Dispersión.", A, Física, Óptica
"La fuerza de fricción estática máxima entre dos superficies es proporcional a:", "La fuerza normal que las presiona una contra la otra.", "El área de contacto entre las superficies.", "La velocidad relativa entre las superficies.", "La rugosidad de las superficies.", A, Física, Fuerzas| leyes de Newton y Ley de la Gravitación Universal
"La capacidad de un conductor para almacenar carga por unidad de voltaje se llama:", "Capacitancia.", "Inductancia.", "Resistencia.", "Conductancia.", A, Física, Electromagnetismo
"La ecuación de estado de un gas ideal es PV = nRT. La constante R es:", "La constante universal de los gases.", "La constante de Boltzmann.", "La capacidad calorífica.", "La densidad del gas.", A, Física, Termodinámica
"El principio de incertidumbre de Heisenberg implica que a nivel cuántico:", "Existen límites fundamentales a la precisión de mediciones simultáneas.", "Todas las partículas son ondas.", "La energía no está cuantizada.", "El vacío no existe.", A, Física, Física contemporánea
"En un movimiento circular uniforme, la magnitud de la velocidad tangencial:", "Permanece constante.", "Aumenta linealmente con el tiempo.", "Disminuye linealmente con el tiempo.", "Es cero.", A, Física, Cinemática
"La energía de ionización de un átomo es la energía necesaria para:", "Arrancar un electrón del átomo en su estado fundamental.", "Excitar un electrón a un nivel superior.", "Añadir un protón al núcleo.", "Dividir el núcleo.", A, Física, Física contemporánea
"Un fluido no newtoniano es aquel cuya viscosidad:", "Puede cambiar con la tasa de deformación aplicada.", "Siempre es constante.", "Es cero.", "Es extremadamente alta.", A, Física, Fluidos
"La ley de reflexión establece que el ángulo de incidencia es igual al ángulo de reflexión, y ambos rayos y la normal están en:", "El mismo plano.", "Planos perpendiculares entre sí.", "Planos paralelos.", "Cualquier orientación.", A, Física, Óptica
"El fenómeno de la interferencia constructiva de ondas ocurre cuando la diferencia de camino entre las ondas es un número:", "Entero de longitudes de onda.", "Semi-entero de longitudes de onda.", "Impar de medias longitudes de onda.", "Aleatorio.", A, Física, Ondas
"La energía de enlace nuclear es la energía necesaria para:", "Separar completamente los nucleones de un núcleo.", "Extraer un protón del núcleo.", "Excitar los nucleones.", "Inducir la fisión.", A, Física, Física contemporánea
"La ley de Joule establece que el calor producido en un conductor por el paso de una corriente eléctrica es proporcional a:", "El cuadrado de la corriente, la resistencia y el tiempo.", "La corriente, el voltaje y el tiempo.", "La resistencia y el voltaje.", "La conductividad del material.", A, Física, Electromagnetismo
"En un proceso isobárico de un gas ideal, la presión:", "Permanece constante.", "Varía proporcionalmente al volumen.", "Varía inversamente con la temperatura.", "Es cero.", A, Física, Termodinámica
"El modelo estándar de la física de partículas clasifica las partículas elementales en:", "Quarks, leptones y bosones gauge.", "Protones, neutrones y electrones.", "Fermiones y bosones exclusivamente por su spin.", "Partículas y antipartículas.", A, Física, Física contemporánea
"La fuerza de tensión superficial en un líquido se debe a:", "La atracción cohesiva entre las moléculas del líquido.", "La presión atmosférica.", "La evaporación en la superficie.", "La presencia de impurezas.", A, Física, Fluidos
"Un cuerpo negro ideal es aquel que:", "Absorbe toda la radiación incidente.", "Refleja toda la radiación incidente.", "Transmite toda la radiación incidente.", "Emite luz de un solo color.", A, Física, Termodinámica
"La ley de Ampère relaciona la circulación del campo magnético alrededor de una curva cerrada con:", "La corriente eléctrica que atraviesa la superficie delimitada por esa curva.", "La carga eléctrica encerrada.", "El flujo eléctrico.", "La variación del flujo eléctrico.", A, Física, Electromagnetismo
"El efecto Compton demostró que los fotones:", "Pueden transferir momento a los electrones.", "Tienen masa en reposo.", "Viajan a velocidades variables.", "Son partículas cargadas.", A, Física, Física contemporánea
"La velocidad terminal de un objeto que cae a través de un fluido se alcanza cuando:", "La fuerza de resistencia del fluido equilibra al peso del objeto.", "La aceleración se hace cero.", "La velocidad se hace constante.", "Todas las anteriores son correctas.", D, Física, Fuerzas| leyes de Newton y Ley de la Gravitación Universal
"Un material paramagnético se caracteriza por:", "Ser débilmente atraído por un imán.", "Ser fuertemente atraído por un imán.", "No ser afectado por un imán.", "Repeler las líneas de campo magnético.", A, Física, Electromagnetismo
"La ley de Hooke para materiales elásticos tiene validez dentro del:", "Límite elástico del material.", "Límite de rotura.", "Rango plástico.", "Rango de deformación permanente.", A, Física, Trabajo y leyes de la conservación
"La fórmula para la potencia media en un circuito de corriente alterna con un componente resistivo es P = I_rms V_rms cos φ. El factor cos φ se llama:", "Factor de potencia.", "Reactancia.", "Impedancia.", "Fase.", A, Física, Electromagnetismo
"La teoría del Big Bang explica el origen del universo a partir de:", "Un estado inicial de alta densidad y temperatura.", "Una colisión de branas en teoría de cuerdas.", "Una fluctuación cuántica del vacío.", "La explosión de una supernova.", A, Física, Física contemporánea
"En un espejo plano, la imagen de un objeto es siempre:", "Virtual, derecha y del mismo tamaño que el objeto.", "Real, invertida y del mismo tamaño.", "Virtual, invertida y de menor tamaño.", "Real, derecha y de mayor tamaño.", A, Física, Óptica
"La constante de desintegración radiactiva (λ) y la vida media (T_{1/2}) están relacionadas por:", "T_{1/2} = (ln 2) / λ.", "T_{1/2} = λ / (ln 2).", "T_{1/2} = λ * (ln 2).", "T_{1/2} = 1 / λ.", A, Física, Física contemporánea
"El flujo magnético a través de una superficie se define como el producto del campo magnético por el área, considerando:", "La componente perpendicular del campo al área.", "La componente paralela del campo al área.", "El vector área paralelo al campo.", "El campo total sin considerar dirección.", A, Física, Electromagnetismo
"En un proceso cíclico realizado por un gas ideal, el cambio en la energía interna después de un ciclo completo es:", "Cero.", "Positivo.", "Negativo.", "Igual al calor neto absorbido.", A, Física, Termodinámica
"El principio de equivalencia entre masa inercial y masa gravitacional es fundamental para:", "La teoría general de la relatividad.", "La mecánica cuántica.", "La electrodinámica clásica.", "La termodinámica estadística.", A, Física, Física contemporánea
"La ley de Ohm establece que, para muchos materiales, la corriente que los atraviesa es directamente proporcional al voltaje aplicado, siempre que se mantenga constante la:", "Temperatura.", "Resistencia.", "Longitud del conductor.", "Área transversal.", A, Física, Electromagnetismo
"Un proceso de transferencia de calor por convección implica:", "El movimiento de un fluido.", "La emisión de ondas electromagnéticas.", "El contacto directo entre sólidos.", "La conducción a través de un vacío.", A, Física, Termodinámica
"La longitud de onda de De Broglie para una partícula es inversamente proporcional a su:", "Momento lineal.", "Energía cinética.", "Velocidad.", "Masa.", A, Física, Física contemporánea
"La formación de una imagen real por una lente convergente requiere que los rayos de luz:", "Converjan físicamente en un punto.", "Parezcan divergir de un punto.", "Sean paralelos.", "Se reflejen.", A, Física, Óptica
"La constante de Rydberg aparece en la fórmula que describe:", "Las líneas espectrales del átomo de hidrógeno.", "La energía de enlace nuclear.", "La constante de desintegración radiactiva.", "La velocidad de la luz en el vacío.", A, Física, Física contemporánea
"En un movimiento de proyectil ideal (sin fricción del aire), la componente horizontal de la velocidad:", "Permanece constante.", "Aumenta linealmente con el tiempo.", "Disminuye linealmente con el tiempo.", "Es cero en el punto más alto.", A, Física, Cinemática
"La capacitancia de un capacitor de placas paralelas es directamente proporcional a:", "El área de las placas e inversamente proporcional a la distancia entre ellas.", "La distancia entre las placas.", "El voltaje aplicado.", "La carga almacenada.", A, Física, Electromagnetismo
"La presión manométrica es la diferencia entre la presión absoluta y la:", "Presión atmosférica.", "Presión de vapor.", "Presión hidrostática.", "Presión crítica.", A, Física, Fluidos
"Un fotón es la partícula cuántica portadora de la interacción:", "Electromagnética.", "Nuclear fuerte.", "Nuclear débil.", "Gravitacional.", A, Física, Física contemporánea
"La ley de gravitación universal de Newton puede expresarse como F = G (m1 m2)/r^2. En esta ecuación, G representa:", "La constante de gravitación universal.", "La aceleración de la gravedad.", "La masa gravitacional.", "La distancia al cuadrado.", A, Física, Fuerzas| leyes de Newton y Ley de la Gravitación Universal
"La reflexión difusa de la luz en una superficie rugosa ocurre porque:", "Los rayos se reflejan en muchas direcciones debido a la irregularidad de la superficie.", "La superficie absorbe selectivamente ciertos colores.", "El ángulo de incidencia es mayor que el ángulo crítico.", "La luz se transmite parcialmente.", A, Física, Óptica
"La energía de Fermi en un metal es la energía:", "Máxima que pueden tener los electrones de conducción a 0 K.", "Necesaria para arrancar un electrón del metal.", "De la banda prohibida.", "De un fotón emitido.", A, Física, Física contemporánea
"La relación entre la presión y el volumen en un proceso adiabático de un gas ideal está dada por PV^γ = constante, donde γ es:", "La razón de las capacidades caloríficas a presión y volumen constantes.", "La constante de los gases.", "El coeficiente de dilatación.", "El índice de refracción.", A, Física, Termodinámica
"En una reacción de fusión nuclear, la masa total de los productos es ligeramente menor que la masa total de los reactivos. La masa faltante se convierte en energía según:", "La ecuación E = Δm c^2.", "La ley de conservación de la carga.", "El principio de exclusión de Pauli.", "La ley de desintegración exponencial.", A, Física, Física contemporánea
"El funcionamiento de un motor de combustión interna se puede modelar mediante el:", "Ciclo de Otto.", "Ciclo de Carnot.", "Ciclo de Rankine.", "Ciclo de Stirling.", A, Física, Termodinámica
"La 'acción a distancia' en la gravedad newtoniana fue reinterpretada por Einstein como una consecuencia de:", "La curvatura del espacio-tiempo.", "El intercambio de gravitones.", "La fuerza de marea.", "La expansión del universo.", A, Física, Física contemporánea
"La relación de incertidumbre entre energía y tiempo (ΔE Δt ≥ ħ/2) implica que, para intervalos de tiempo muy cortos, la energía de un sistema:", "Puede fluctuar significativamente.", "Debe ser perfectamente definida.", "Se conserva estrictamente.", "Es siempre positiva.", A, Física, Física contemporánea
"El índice de refracción de un medio se define como la razón entre:", "La velocidad de la luz en el vacío y su velocidad en el medio.", "La velocidad de la luz en el medio y en el vacío.", "La frecuencia de la luz en el vacío y en el medio.", "La longitud de onda en el medio y en el vacío.", A, Física, Óptica
"La ecuación de Schrödinger es la ecuación fundamental no relativista que describe:", "La evolución de la función de onda en mecánica cuántica.", "El movimiento de partículas relativistas.", "La dinámica de fluidos.", "La propagación de ondas electromagnéticas.", A, Física, Física contemporánea
"Un proceso reversible en termodinámica es un proceso ideal que puede ocurrir en ambas direcciones sin dejar cambios netos en:", "El sistema y sus alrededores.", "Solo el sistema.", "Solo los alrededores.", "La energía interna.", A, Física, Termodinámica
"La intensidad de una onda esférica que se propaga desde una fuente puntual disminuye con la distancia según:", "La ley del inverso del cuadrado (1/r^2).", "La ley del inverso de la distancia (1/r).", "Una ley exponencial.", "Permanece constante.", A, Física, Ondas
"La constante de Boltzmann (k_B) relaciona la temperatura absoluta con la:", "Energía promedio por grado de libertad en un sistema termodinámico.", "Constante de los gases ideales.", "Carga del electrón.", "Masa del protón.", A, Física, Termodinámica
"La fuerza electromotriz (fem) inducida en una espira que gira en un campo magnético uniforme genera una corriente:", "Alterna.", "Continua.", "Pulsante.", "Directa.", A, Física, Electromagnetismo
"El principio de Fermat establece que la luz sigue la trayectoria que minimiza el:", "Tiempo de viaje.", "Distancia.", "Número de reflexiones.", "Ángulo de incidencia.", A, Física, Óptica
"En la desintegración beta menos, un neutrón se transforma en un protón emitiendo:", "Un electrón y un antineutrino electrónico.", "Un positrón y un neutrino electrónico.", "Una partícula alfa.", "Un fotón de alta energía.", A, Física, Física contemporánea
"La ecuación de continuidad de carga expresa que la tasa de cambio de la carga dentro de un volumen es igual a:", "Menos el flujo neto de corriente a través de la superficie que encierra el volumen.", "El flujo neto de corriente hacia el volumen.", "La divergencia del campo eléctrico.", "La integral de la densidad de corriente.", A, Física, Electromagnetismo
"La ley de enfriamiento de Newton es una aproximación válida cuando el mecanismo principal de pérdida de calor es:", "La convección.", "La radiación a bajas temperaturas.", "La conducción a través de un sólido.", "La evaporación.", A, Física, Termodinámica
"El efecto túnel en mecánica cuántica es el fenómeno por el cual una partícula puede atravesar una barrera de potencial incluso si su energía cinética es:", "Menor que la altura de la barrera.", "Mayor que la altura de la barrera.", "Igual a la altura de la barrera.", "Cero.", A, Física, Física contemporánea
"Un material con una banda prohibida (gap) de aproximadamente 1 eV a temperatura ambiente probablemente es un:", "Semiconductor.", "Conductor.", "Aislante.", "Superconductor.", A, Física, Física contemporánea
"La fuerza de Coriolis es una fuerza aparente que actúa sobre objetos en movimiento en un sistema de referencia que:", "Rota.", "Se traslada con velocidad constante.", "Está en caída libre.", "Acelera linealmente.", A, Física, Fuerzas| leyes de Newton y Ley de la Gravitación Universal
"La fórmula para la fuerza magnética sobre un conductor recto de longitud L que lleva una corriente I en un campo B es F = I L B sen θ. Esta fuerza es máxima cuando el ángulo θ entre el conductor y el campo es:", "90 grados.", "0 grados.", "45 grados.", "180 grados.", A, Física, Electromagnetismo
"La unidad de inductancia en el SI, el henry (H), puede expresarse en unidades base como:", "kg m^2 s^{-2} A^{-2}.", "kg m^2 s^{-3} A^{-1}.", "kg m s^{-2} A^{-1}.", "m^2 kg s^{-2}.", A, Física, Electromagnetismo
"La velocidad de la luz en el vacío (c) es una constante fundamental que aparece en las teorías de:", "La relatividad especial y la electromagnetismo.", "La mecánica newtoniana.", "La gravitación universal clásica.", "La termodinámica.", A, Física, Física contemporánea
"En un movimiento armónico simple, la energía total es proporcional al:", "Cuadrado de la amplitud.", "Cuadrado de la frecuencia.", "Amplitud.", "Frecuencia.", A, Física, Ondas
"La anomalía del agua, donde su densidad es máxima a aproximadamente 4°C, se debe a:", "La estructura de puentes de hidrógeno en su estado líquido.", "La dilatación térmica normal.", "La alta presión de vapor.", "Su baja capacidad calorífica.", A, Física, Fluidos
"La teoría cinética de los gases explica la presión de un gas ideal en términos del:", "Promedio del cambio de momento de las moléculas al chocar con las paredes.", "Número total de moléculas.", "Volumen de las moléculas.", "Fuerzas intermoleculares atractivas.", A, Física, Termodinámica
"El modelo atómico de Rutherford se basó en experimentos de dispersión de partículas alfa que demostraron la existencia de:", "Un núcleo atómico pequeño, denso y cargado positivamente.", "Electrones en órbitas definidas.", "Niveles de energía cuantizados.", "La dualidad onda-partícula.", A, Física, Física contemporánea
"Una onda estacionaria en una cuerda con ambos extremos fijos solo puede tener frecuencias que sean múltiplos enteros de la frecuencia fundamental. Estos múltiplos se llaman:", "Armónicos.", "Modos normales.", "Resonancias.", "Todas las anteriores son correctas.", D, Física, Ondas
"La ley de Gauss para el campo eléctrico relaciona el flujo eléctrico a través de una superficie cerrada con:", "La carga neta encerrada dentro de la superficie.", "El campo eléctrico en la superficie.", "El potencial eléctrico.", "La densidad de corriente.", A, Física, Electromagnetismo
"El efecto Hall permite medir:", "La densidad de portadores de carga en un conductor.", "La resistencia eléctrica de un material.", "La capacitancia de un dispositivo.", "La inductancia de una bobina.", A, Física, Electromagnetismo
"El principio de Le Châtelier, aplicado a sistemas en equilibrio termodinámico, establece que si se modifica una condición (como la presión), el sistema evolucionará para:", "Oponeerse parcialmente al cambio.", "Reforzar el cambio.", "Mantenerse igual.", "Volver al estado inicial exacto.", A, Física, Termodinámica
"La unidad de actividad radiactiva en el SI, el becquerel (Bq), corresponde a:", "Una desintegración nuclear por segundo.", "Una desintegración nuclear por minuto.", "La dosis absorbida de radiación.", "La energía de la radiación emitida.", A, Física, Física contemporánea
"La fórmula del espejo esférico (1/p + 1/q = 1/f) utiliza la convención de signos en la que las distancias para imágenes reales son:", "Positivas.", "Negativas.", "Cero.", "Depende del tipo de espejo.", A, Física, Óptica
"El fenómeno de la birrefringencia (doble refracción) en ciertos cristales se debe a:", "Diferentes índices de refracción para diferentes polarizaciones de la luz.", "La dispersión cromática.", "La absorción selectiva de colores.", "La reflexión interna total.", A, Física, Óptica
"La constante de tiempo (τ) en el proceso de carga de un capacitor a través de una resistencia es el tiempo necesario para que el voltaje en el capacitor alcance aproximadamente el:", "63% de su valor final.", "37% de su valor final.", "50% de su valor final.", "90% de su valor final.", A, Física, Electromagnetismo
"En relatividad especial, la longitud de un objeto en movimiento medida por un observador en reposo es:", "Menor que su longitud propia (contracción de Lorentz).", "Mayor que su longitud propia.", "Igual a su longitud propia.", "Independiente de la velocidad.", A, Física, Física contemporánea
"La ley de conservación del momento angular se aplica a un sistema si:", "El torque externo neto sobre el sistema es cero.", "La fuerza externa neta es cero.", "La energía cinética rotacional es constante.", "No hay fuerzas internas.", A, Física, Trabajo y leyes de la conservación
"La fórmula para la energía de un fotón es E = h f, donde h es:", "La constante de Planck.", "La constante de Boltzmann.", "La carga del electrón.", "La velocidad de la luz.", A, Física, Física contemporánea
"En un diodo LED (diodo emisor de luz), la luz se produce cuando:", "Los electrones y los huecos se recombinan en la unión PN emitiendo fotones.", "El material se calienta por efecto Joule.", "Los electrones son acelerados en un campo eléctrico.", "Ocurre una descarga eléctrica en un gas.", A, Física, Física contemporánea
"La ley de Beer-Lambert describe la atenuación de la intensidad de un haz de luz al pasar a través de un medio absorbente. Esta atenuación es:", "Exponencial con la longitud del camino recorrido.", "Lineal con la concentración del absorbente.", "Proporcional al cuadrado de la distancia.", "Constante.", A, Física, Óptica
"La resistencia de un conductor cilíndrico es directamente proporcional a su longitud e inversamente proporcional a su:", "Área de la sección transversal.", "Resistividad.", "Conductividad.", "Todas las anteriores son correctas.", D, Física, Electromagnetismo
"Un proceso isocórico (o isovolumétrico) es aquel en el que no cambia el:", "Volumen.", "Presión.", "Temperatura.", "Número de moles.", A, Física, Termodinámica
"La 'masa crítica' en un reactor nuclear de fisión es la masa mínima de material fisionable necesaria para:", "Sostener una reacción en cadena autónoma.", "Iniciar una explosión termonuclear.", "Producir elementos transuránicos.", "Generar electricidad de manera eficiente.", A, Física, Física contemporánea
"La ecuación de una onda viajera unidimensional puede escribirse como y(x,t) = A sen(kx - ωt). El número de onda k está relacionado con la longitud de onda λ por:", "k = 2π / λ.", "k = λ / (2π).", "k = 1 / λ.", "k = π / λ.", A, Física, Ondas
"El funcionamiento de un horno de microondas se basa en la capacidad de las ondas electromagnéticas de cierta frecuencia para:", "Hacer rotar las moléculas de agua, calentando los alimentos por fricción.", "Inducir corrientes eléctricas en los metales.", "Excitar los electrones de valencia de los alimentos.", "Generar calor por efecto termoiónico.", A, Física, Ondas
"En una reacción nuclear, el defecto de masa (diferencia entre la masa de los reactivos y la de los productos) está relacionado con la energía liberada o absorbida mediante:", "E = Δm c^2.", "La ley de la conservación de la carga.", "El principio de exclusión de Pauli.", "La ecuación de Schrödinger.", A, Física, Física contemporánea
"La ley de desplazamiento de Wien establece que la longitud de onda a la cual un cuerpo negro emite con máxima intensidad es inversamente proporcional a su:", "Temperatura absoluta.", "Área superficial.", "Energía interna.", "Calor específico.", A, Física, Termodinámica
"La constante de Faraday (F) representa:", "La carga de un mol de electrones.", "La constante de los gases ideales.", "La constante de Avogadro.", "La fuerza electromotriz estándar.", A, Física, Electromagnetismo
"La formación de un pozo de potencial gravitacional en el espacio-tiempo, según la relatividad general, es causada por la:", "Presencia de masa o energía.", "Velocidad de la luz constante.", "Expansión acelerada del universo.", "Existencia de agujeros negros.", A, Física, Física contemporánea
"En una lente delgada, la potencia (en dioptrías) se define como el inverso de la distancia focal, y es positiva para lentes:", "Convergentes.", "Divergentes.", "Cilíndricas.", "Cóncavas.", A, Física, Óptica
"El principio de superposición en electrostática establece que el campo eléctrico total en un punto debido a un conjunto de cargas es la:", "Suma vectorial de los campos individuales creados por cada carga.", "Suma algebraica de las magnitudes de los campos.", "Producto de los campos individuales.", "Media de los campos individuales.", A, Física, Electromagnetismo
"El ciclo de Carnot representa el ciclo termodinámico reversible con la máxima eficiencia posible entre dos temperaturas dadas. Su eficiencia depende solo de:", "Las temperaturas absolutas de la fuente caliente y la fuente fría.", "La sustancia de trabajo utilizada.", "La presión máxima alcanzada.", "El volumen del sistema.", A, Física, Termodinámica
"La fórmula para la fuerza de fricción cinética es generalmente f_k = μ_k N, donde μ_k es:", "El coeficiente de fricción cinética, adimensional.", "La fuerza normal en newtons.", "La masa del objeto.", "La velocidad del objeto.", A, Física, Fuerzas| leyes de Newton y Ley de la Gravitación Universal
"La 'carga de color' en la cromodinámica cuántica es una propiedad de:", "Los quarks y los gluones.", "Los leptones como el electrón.", "Los fotones.", "Los bosones W y Z.", A, Física, Física contemporánea
"La ley de Bragg describe la condición para la interferencia constructiva de ondas (como rayos X) reflejadas por planos cristalinos. La ecuación es nλ = 2d sen θ, donde d es:", "La distancia entre planos atómicos paralelos.", "El diámetro del átomo.", "La longitud de la celda unitaria.", "El radio atómico.", A, Física, Física contemporánea
"La viscosidad dinámica de un fluido es una medida de su resistencia a fluir. En el SI se mide en:", "Pascal-segundo (Pa·s).", "Newton por metro (N/m).", "Joule por kilogramo (J/kg).", "Metro cuadrado por segundo (m²/s).", A, Física, Fluidos
"Un proceso isotérmico reversible de un gas ideal se representa en un diagrama P-V por una:", "Hipérbola (curva PV = constante).", "Línea vertical.", "Línea horizontal.", "Línea recta con pendiente positiva.", A, Física, Termodinámica
"La constante de estructura fina (α) es un número adimensional que caracteriza la fuerza de la interacción:", "Electromagnética.", "Nuclear fuerte.", "Nuclear débil.", "Gravitacional.", A, Física, Física contemporánea
"La fórmula para la frecuencia de oscilación de un péndulo simple de longitud L en un campo gravitacional g (para pequeñas amplitudes) es f = 1/(2π) √(g/L). Esto implica que el período:", "Es independiente de la masa del péndulo.", "Depende de la masa del péndulo.", "Es proporcional a la amplitud de oscilación.", "Disminuye si la longitud aumenta.", A, Física, Ondas
"La ley de la palanca establece que en equilibrio, el producto de la fuerza por su brazo de palanca a un lado del fulcro es igual al producto correspondiente al otro lado. Esto es una consecuencia del equilibrio de:", "Torques (momentos de fuerza).", "Fuerzas verticales.", "Energías potenciales.", "Cantidades de movimiento.", A, Física, Trabajo y leyes de la conservación
"La radiación de fondo cósmico de microondas (CMB) es considerada una evidencia clave del modelo del:", "Big Bang.", "Estado estacionario.", "Universo oscilante.", "Multiverso.", A, Física, Física contemporánea
"El teorema del trabajo-energía establece que el trabajo neto realizado sobre un objeto es igual al cambio en su:", "Energía cinética.", "Energía potencial.", "Energía mecánica total.", "Cantidad de movimiento.", A, Física, Trabajo y leyes de la conservación
"En el modelo del gas ideal, las colisiones entre moléculas se consideran:", "Perfectamente elásticas.", "Perfectamente inelásticas.", "Que producen un cambio de fase.", "Que generan calor por fricción.", A, Física, Termodinámica
"La fuerza magnética sobre una carga en movimiento no realiza trabajo porque siempre es:", "Perpendicular a la velocidad de la carga.", "Paralela a la velocidad.", "Antiparalela a la velocidad.", "Cero.", A, Física, Electromagnetismo
"El principio de funcionamiento de una central hidroeléctrica se basa en la conversión de:", "Energía potencial gravitacional del agua en energía eléctrica.", "Energía térmica del agua en energía mecánica.", "Energía química del agua en energía cinética.", "Energía nuclear en energía calorífica.", A, Física, Trabajo y leyes de la conservación
"La ley de los gases ideales, PV = nRT, combina las leyes empíricas de:", "Boyle, Charles y Avogadro.", "Dalton, Graham y Joule.", "Stefan, Boltzmann y Wien.", "Ohm, Ampère y Faraday.", A, Física, Termodinámica
"La fórmula para la energía almacenada en un capacitor cargado es U = 1/2 C V^2. Esto indica que la energía depende del:", "Cuadrado del voltaje entre sus placas.", "Voltaje linealmente.", "Inverso del voltaje.", "Logaritmo del voltaje.", A, Física, Electromagnetismo
"Un interferómetro es un dispositivo que utiliza la interferencia de ondas para medir con gran precisión:", "Distancias o cambios en la longitud de onda.", "La intensidad de la luz.", "La polarización.", "El índice de refracción.", A, Física, Óptica
"La teoría de la relatividad especial predice que la masa de un objeto aumenta con su velocidad según m = m_0 / √(1 - v^2/c^2), donde m_0 es la:", "Masa en reposo.", "Masa relativista.", "Masa invariante.", "Masa gravitacional.", A, Física, Física contemporánea
"El principio de conservación de la carga eléctrica establece que la carga neta de un sistema aislado:", "Permanece constante.", "Puede crearse en pares partícula-antipartícula.", "Siempre es positiva.", "Es proporcional a la masa.", A, Física, Electromagnetismo
"La capacidad calorífica molar a volumen constante (C_v) para un gas monoatómico ideal es:", "(3/2)R.", "(5/2)R.", "R.", "(7/2)R.", A, Física, Termodinámica
"La ley de la reflexión para ondas sonoras es análoga a la de la luz: el ángulo de incidencia es igual al ángulo de reflexión. Esto se aplica en el diseño de:", "Salas de concierto y anfiteatros.", "Instrumentos musicales de viento.", "Auriculares de cancelación de ruido.", "Sistemas de sonido estéreo.", A, Física, Ondas
"La 'ley de Hubble' establece que la velocidad de recesión de las galaxias es proporcional a su distancia, lo que sugiere un universo:", "En expansión.", "Estático.", "Contracción.", "Cíclico.", A, Física, Física contemporánea
"El momento de fuerza (torque) se define como el producto de la fuerza por la distancia perpendicular desde el punto de aplicación al eje de rotación. Su unidad en el SI es:", "Newton-metro (N·m).", "Joule (J).", "Watt (W).", "Pascal (Pa).", A, Física, Trabajo y leyes de la conservación
"La radiación de un cuerpo negro es independiente de:", "La naturaleza del material que lo compone.", "Su temperatura.", "Su área superficial.", "Su forma.", A, Física, Termodinámica
"Un fusible en un circuito eléctrico se funde (se abre) cuando la corriente excede un valor seguro. Esto protege el circuito basándose en el:", "Efecto Joule (calentamiento por corriente excesiva).", "Efecto fotoeléctrico.", "Principio de inducción electromagnética.", "Efecto de capacitancia.", A, Física, Electromagnetismo
"La energía potencial gravitacional cerca de la superficie de la Tierra para un objeto de masa m a una altura h es U = mgh. Esto es una aproximación válida siempre que h sea:", "Mucho menor que el radio de la Tierra.", "Comparable al radio de la Tierra.", "Mayor que la atmósfera.", "Independiente de g.", A, Física, Trabajo y leyes de la conservación
"El modelo de Drude explica la conductividad eléctrica en metales suponiendo que los electrones de conducción se comportan como un gas de partículas que colisionan con:", "Los iones de la red cristalina.", "Otros electrones.", "Fotones.", "Impurezas únicamente.", A, Física, Física contemporánea
"La constante de tiempo en el decaimiento de la corriente en un circuito RL (inductor-resistor) es τ = L/R. Un inductor grande (L grande) o una resistencia pequeña (R pequeña) producirán un decaimiento:", "Más lento.", "Más rápido.", "Instantáneo.", "Oscilatorio.", A, Física, Electromagnetismo
"La velocidad del sonido en un gas ideal depende de la temperatura y de la masa molar del gas. Es aproximadamente proporcional a la raíz cuadrada de:", "La temperatura absoluta.", "La presión.", "La densidad.", "La humedad.", A, Física, Ondas
"La 'masa efectiva' de un electrón en un semiconductor es una masa aparente que tiene en cuenta:", "La interacción con el potencial periódico de la red cristalina.", "Su carga eléctrica.", "Su spin.", "La temperatura del material.", A, Física, Física contemporánea
"La ley de la gravitación universal predice que la fuerza entre dos masas es siempre:", "Atractiva.", "Repulsiva.", "Puede ser atractiva o repulsiva.", "Cero si hay otras masas presentes.", A, Física, Fuerzas| leyes de Newton y Ley de la Gravitación Universal
"La formación de imágenes en el ojo humano se produce principalmente por la:", "Refracción de la luz en la córnea y el cristalino.", "Reflexión en la retina.", "Difracción en la pupila.", "Polarización en el humor vítreo.", A, Física, Óptica
"El principio de Mínima Acción en mecánica clásica establece que la trayectoria real de un sistema entre dos puntos es aquella que minimiza (o hace estacionaria) la:", "Acción (integral del Lagrangiano en el tiempo).", "Energía cinética.", "Energía potencial.", "Longitud del camino.", A, Física, Trabajo y leyes de la conservación
"La fórmula para la capacitancia de un capacitor esférico aislado de radio R es C = 4πε_0R. Esto muestra que la capacitancia es proporcional al:", "Radio de la esfera.", "Cuadrado del radio.", "Inverso del radio.", "Área superficial.", A, Física, Electromagnetismo
"El fenómeno de la radiación de sincrotrón ocurre cuando partículas cargadas son aceleradas, especialmente a velocidades relativistas, y emiten radiación electromagnética. Esta radiación está:", "Altamente colimada en la dirección del movimiento.", "Emitida isotrópicamente.", "Concentrada en el infrarrojo.", "Limitada a la radiofrecuencia.", A, Física, Física contemporánea
"La ecuación de Arrhenius describe la dependencia de la constante de velocidad de una reacción química con la temperatura. En física, una forma análoga describe procesos como la conductividad en semiconductores, donde la probabilidad de excitación térmica depende exponencialmente de:", "La inversa de la temperatura absoluta (1/T).", "El logaritmo de la temperatura.", "La temperatura al cuadrado.", "La raíz cuadrada de la temperatura.", A, Física, Física contemporánea
"La 'ley de áreas' de Kepler establece que la línea que une un planeta con el Sol barre áreas iguales en tiempos iguales. Esto es una consecuencia de la conservación del:", "Momento angular orbital.", "Energía mecánica total.", "Energía cinética.", "Cantidad de movimiento lineal.", A, Física, Fuerzas| leyes de Newton y Ley de la Gravitación Universal
"La fórmula para la presión hidrostática a una profundidad h en un fluido de densidad ρ es P = ρ g h. Esto es válido si:", "La densidad ρ es constante y el fluido está en reposo.", "El fluido está en movimiento laminar.", "La profundidad h es muy grande.", "La presión atmosférica es cero.", A, Física, Fluidos
"El principio de incertidumbre de Heisenberg para posición y momento se expresa como Δx Δp ≥ ħ/2. Esto implica que si se conoce con gran precisión la posición de una partícula, su momento será:", "Muy incierto.", "Muy preciso.", "Cero.", "Constante.", A, Física, Física contemporánea
"La 'energía del punto cero' en mecánica cuántica se refiere a la energía mínima que puede tener un sistema cuántico, como un oscilador armónico, debido a:", "Las fluctuaciones cuánticas en su estado fundamental.", "La temperatura del entorno.", "La energía térmica a 0 K.", "El principio de exclusión de Pauli.", A, Física, Física contemporánea
"La formación de un espectro de absorción (líneas oscuras sobre un fondo continuo) cuando la luz de un cuerpo caliente pasa por un gas más frío se debe a que los átomos del gas:", "Absorben fotones de frecuencias específicas para excitar sus electrones.", "Reflejan selectivamente ciertos colores.", "Dispersan la luz de manera diferente por cada color.", "Reemiten la luz en todas direcciones.", A, Física, Física contemporánea
"La velocidad de fase de una onda es la velocidad a la que se mueven los puntos de fase constante (como crestas). Para una onda de luz en el vacío, esta velocidad es:", "Igual para todas las frecuencias y coincide con c.", "Diferente para cada frecuencia (dispersión).", "Mayor que c para altas frecuencias.", "Menor que c para bajas frecuencias.", A, Física, Ondas
"Un niño lanza una pelota verticalmente hacia arriba con una velocidad de 20 m/s desde el nivel del suelo. ¿Cuál es la altura máxima que alcanza? (g=10 m/s²)", "10 m", "20 m", "30 m", "40 m", B, Física, Cinemática
"¿Cuál de las siguientes afirmaciones describe mejor la Segunda Ley de Newton?", "La aceleración de un objeto es directamente proporcional a la fuerza neta aplicada e inversamente proporcional a su masa.", "Para cada acción hay una reacción igual y opuesta.", "Un objeto en reposo permanece en reposo a menos que una fuerza neta actúe sobre él.", "La fuerza centrípeta es necesaria para el movimiento circular uniforme.", A, Física, Fuerzas| leyes de Newton y Ley de la Gravitación Universal
"Si un sistema no intercambia calor con su entorno (Q=0), y se expande realizando trabajo sobre los alrededores, de acuerdo con la primera ley de la termodinámica (ΔU = Q - W), su energía interna:", "Disminuye.", "Aumenta.", "Permanece constante.", "Primero aumenta y luego disminuye.", A, Física, Termodinámica
"Para que ocurra una interferencia destructiva completa entre dos ondas de luz coherentes, la diferencia de camino óptico entre ellas debe ser:", "Un múltiplo impar de media longitud de onda (λ/2, 3λ/2, ...).", "Un múltiplo entero de la longitud de onda (λ, 2λ, ...).", "Exactamente igual a la longitud de onda.", "Igual a la amplitud de las ondas.", A, Física, Ondas
"Un alambre recto largo que conduce una corriente eléctrica constante genera a su alrededor:", "Un campo magnético estático cuyas líneas son círculos concéntricos alrededor del alambre.", "Un campo eléctrico radial.", "Un campo magnético uniforme en todo el espacio.", "Ningún campo, ya que la corriente es constante.", A, Física, Electromagnetismo
"La ecuación de Bernoulli, P + (1/2)ρv² + ρgh = constante, es una expresión del principio de conservación de:", "La energía para un fluido ideal en movimiento estacionario.", "La masa (continuidad) para un fluido incompresible.", "La cantidad de movimiento para un fluido viscoso.", "La carga eléctrica en un fluido conductor.", A, Física, Fluidos
"Un objeto se coloca a 30 cm de una lente convergente de distancia focal 10 cm. La imagen formada será:", "Real, invertida y reducida.", "Real, invertida y aumentada.", "Virtual, derecha y aumentada.", "Virtual, derecha y reducida.", B, Física, Óptica
"El 'periodo' de un movimiento ondulatorio es:", "El tiempo que tarda en completarse un ciclo completo.", "El número de ciclos completos por unidad de tiempo.", "La distancia entre dos puntos consecutivos en fase.", "La máxima perturbación desde la posición de equilibrio.", A, Física, Ondas
"Según el principio de incertidumbre de Heisenberg, si se mide con extrema precisión la energía de un estado cuántico en un intervalo de tiempo muy corto (Δt muy pequeño), entonces:", "La incertidumbre en la energía (ΔE) será muy grande.", "La energía será perfectamente definida.", "La posición de la partícula será conocida con precisión.", "El momento lineal será cero.", A, Física, Física contemporánea
"Un cuerpo de 2 kg se desliza sin fricción por un plano inclinado de 5 m de longitud y 3 m de altura. Al llegar a la base, su velocidad será aproximadamente (g=10 m/s², considere conservación de energía):", "√60 m/s ≈ 7.75 m/s", "√30 m/s ≈ 5.48 m/s", "10 m/s", "6 m/s", A, Física, Trabajo y leyes de la conservación